domain,text
finance,Are you looking for a traditional bank with physical branches or a modern digital-only experience?
finance,Is your primary need for personal banking or for managing business/corporate finances?
finance,Do you prioritize standard checking/savings or specialized wealth management for high-net-worth clients?
fintech,Do you want a consumer app for daily payments or B2B infrastructure to run a business?
fintech,Are you interested in specialized technology like Blockchain or AI-driven financial tools?
fintech,Do you need tools for international money transfers or tools for domestic tax and accounting?
investing,Are you a retail investor looking for small trades or an institutional manager handling large blocks?
investing,Do you prefer automated robo-advising or manual trading on a high-frequency platform?
investing,Is social and environmental impact (ESG) a primary factor in where you put your money?
lending,Are you seeking personal loans (mortgages/education) or business-focused credit (supply chain/invoices)?
lending,Do you need a traditional lender or a peer-to-peer (P2P) marketplace that connects you to individuals?
lending,Are you looking for specialized loans for a specific industry like Agriculture or Healthcare?
